{"cameraMode":{"drawMode":0,"name":"Shaded","section":"Shading Mode"},"sceneLighting":true,"audioPlay":false,"sceneViewState":{"showFog":true,"showMaterialUpdate":true,"showSkybox":true,"showFlares":true,"showImageEffects":true,"showParticleSystems":true},"in2DMode":false,"pivot":{"x":27.795988082885743,"y":34.95158004760742,"z":14.46943473815918},"rotation":{"x":0.41893938183784487,"y":0.5808671116828919,"z":-0.5036628842353821,"w":0.4832071363925934},"size":21.760120391845704,"orthographic":false}