{"cameraMode":{"drawMode":0,"name":"Shaded","section":"Shading Mode"},"sceneLighting":false,"audioPlay":false,"sceneViewState":{"showFog":true,"showMaterialUpdate":false,"showSkybox":false,"showFlares":true,"showImageEffects":true,"showParticleSystems":true},"in2DMode":false,"pivot":{"x":-0.27000001072883608,"y":0.5199999809265137,"z":5.850000381469727},"rotation":{"x":0.07670175284147263,"y":0.913381040096283,"z":-0.2035873383283615,"w":0.3441122770309448},"size":1.207395076751709,"orthographic":false}