{"cameraMode":{"drawMode":0,"name":"Shaded","section":"Shading Mode"},"sceneLighting":false,"audioPlay":false,"sceneViewState":{"showFog":true,"showMaterialUpdate":false,"showSkybox":false,"showFlares":true,"showImageEffects":true,"showParticleSystems":true},"in2DMode":false,"pivot":{"x":1.6040966510772706,"y":1.090834617614746,"z":4.602424621582031},"rotation":{"x":-0.3095974326133728,"y":0.054727084934711459,"z":-0.017851799726486207,"w":-0.949126660823822},"size":1.7986100912094117,"orthographic":false}