{"cameraMode":{"drawMode":0,"name":"Shaded","section":"Shading Mode"},"sceneLighting":true,"audioPlay":false,"sceneViewState":{"showFog":true,"showMaterialUpdate":false,"showSkybox":true,"showFlares":true,"showImageEffects":true,"showParticleSystems":true},"in2DMode":false,"pivot":{"x":-0.26999998092651369,"y":1.0499999523162842,"z":-14.960000038146973},"rotation":{"x":-0.4171360433101654,"y":0.4893605411052704,"z":-0.2875871956348419,"w":-0.7098051309585571},"size":8.663863182067871,"orthographic":false}