{"cameraMode":{"drawMode":0,"name":"Shaded","section":"Shading Mode"},"sceneLighting":false,"audioPlay":false,"sceneViewState":{"showFog":true,"showMaterialUpdate":false,"showSkybox":false,"showFlares":true,"showImageEffects":true,"showParticleSystems":true},"in2DMode":false,"pivot":{"x":-0.27000004053115847,"y":0.8499999046325684,"z":5.130000114440918},"rotation":{"x":-0.4171360433101654,"y":0.4893605411052704,"z":-0.2875871956348419,"w":-0.7098051309585571},"size":2.001873731613159,"orthographic":false}