{"cameraMode":{"drawMode":0,"name":"Shaded","section":"Shading Mode"},"sceneLighting":false,"audioPlay":false,"sceneViewState":{"showFog":true,"showMaterialUpdate":false,"showSkybox":false,"showFlares":true,"showImageEffects":true,"showParticleSystems":true},"in2DMode":false,"pivot":{"x":-0.6922335624694824,"y":0.8791029453277588,"z":5.4679765701293949},"rotation":{"x":-0.3455362617969513,"y":-0.000847568444442004,"z":0.00031189832952804863,"w":-0.9384069442749023},"size":1.7986105680465699,"orthographic":false}