{"cameraMode":{"drawMode":0,"name":"Shaded","section":"Shading Mode"},"sceneLighting":false,"audioPlay":false,"sceneViewState":{"showFog":true,"showMaterialUpdate":false,"showSkybox":false,"showFlares":true,"showImageEffects":true,"showParticleSystems":true},"in2DMode":false,"pivot":{"x":-0.8558564782142639,"y":-1.5402377843856812,"z":5.621586322784424},"rotation":{"x":-0.08215364813804627,"y":-0.37537458539009097,"z":0.03342514485120773,"w":-0.92262202501297},"size":3.0000171661376955,"orthographic":false}