{"cameraMode":{"drawMode":0,"name":"Shaded","section":"Shading Mode"},"sceneLighting":false,"audioPlay":false,"sceneViewState":{"showFog":true,"showMaterialUpdate":false,"showSkybox":false,"showFlares":true,"showImageEffects":true,"showParticleSystems":true},"in2DMode":false,"pivot":{"x":3.0700325965881349,"y":0.724359393119812,"z":8.765619277954102},"rotation":{"x":0.22190125286579133,"y":0.020166518166661264,"z":-0.004578338470309973,"w":0.9748613238334656},"size":0.30001717805862429,"orthographic":false}