{"cameraMode":{"drawMode":0,"name":"Shaded","section":"Shading Mode"},"sceneLighting":true,"audioPlay":false,"sceneViewState":{"showFog":true,"showMaterialUpdate":false,"showSkybox":true,"showFlares":true,"showImageEffects":true,"showParticleSystems":true},"in2DMode":false,"pivot":{"x":13.884697914123536,"y":16.747602462768556,"z":-4.581525802612305},"rotation":{"x":-0.2729240953922272,"y":0.6561526656150818,"z":-0.2768835425376892,"w":-0.6467727422714233},"size":2.092604875564575,"orthographic":false}