{"cameraMode":{"drawMode":0,"name":"Shaded","section":"Shading Mode"},"sceneLighting":false,"audioPlay":false,"sceneViewState":{"showFog":true,"showMaterialUpdate":false,"showSkybox":false,"showFlares":true,"showImageEffects":true,"showParticleSystems":true},"in2DMode":false,"pivot":{"x":3.046194314956665,"y":0.18744470179080964,"z":10.01305103302002},"rotation":{"x":-0.01770702376961708,"y":-0.8111702799797058,"z":0.024594653397798539,"w":-0.5840428471565247},"size":1.6919026374816895,"orthographic":false}