{"cameraMode":{"drawMode":0,"name":"Shaded","section":"Shading Mode"},"sceneLighting":false,"audioPlay":false,"sceneViewState":{"showFog":true,"showMaterialUpdate":false,"showSkybox":false,"showFlares":true,"showImageEffects":true,"showParticleSystems":true},"in2DMode":false,"pivot":{"x":2.9800000190734865,"y":0.3399999141693115,"z":10.09000015258789},"rotation":{"x":-0.05468542128801346,"y":-0.6121108531951904,"z":0.04249401390552521,"w":-0.7877386808395386},"size":1.9608674049377442,"orthographic":false}