{"cameraMode":{"drawMode":0,"name":"Shaded","section":"Shading Mode"},"sceneLighting":false,"audioPlay":false,"sceneViewState":{"showFog":true,"showMaterialUpdate":false,"showSkybox":false,"showFlares":true,"showImageEffects":true,"showParticleSystems":true},"in2DMode":false,"pivot":{"x":3.192809581756592,"y":0.03999999165534973,"z":10.260786056518555},"rotation":{"x":-0.1832115799188614,"y":0.7182924747467041,"z":-0.2060108184814453,"w":-0.6387933492660523},"size":1.5124483108520508,"orthographic":false}