{"cameraMode":{"drawMode":0,"name":"Shaded","section":"Shading Mode"},"sceneLighting":false,"audioPlay":false,"sceneViewState":{"showFog":true,"showMaterialUpdate":false,"showSkybox":false,"showFlares":true,"showImageEffects":true,"showParticleSystems":true},"in2DMode":false,"pivot":{"x":3.566471576690674,"y":-0.5326694250106812,"z":11.103063583374024},"rotation":{"x":-0.08399497717618942,"y":-0.1980266124010086,"z":0.017037561163306237,"w":-0.9764544367790222},"size":1.4999828338623047,"orthographic":false}