{"cameraMode":{"drawMode":0,"name":"Shaded","section":"Shading Mode"},"sceneLighting":true,"audioPlay":false,"sceneViewState":{"showFog":true,"showMaterialUpdate":false,"showSkybox":true,"showFlares":true,"showImageEffects":true,"showParticleSystems":true},"in2DMode":false,"pivot":{"x":28.083295822143556,"y":-6.574066162109375,"z":9.26996898651123},"rotation":{"x":0.3804066479206085,"y":0.5996680855751038,"z":-0.38843899965286257,"w":0.5872325897216797},"size":30.79199981689453,"orthographic":false}