{"cameraMode":{"drawMode":0,"name":"Shaded","section":"Shading Mode"},"sceneLighting":false,"audioPlay":false,"sceneViewState":{"showFog":true,"showMaterialUpdate":false,"showSkybox":false,"showFlares":true,"showImageEffects":true,"showParticleSystems":true},"in2DMode":false,"pivot":{"x":-0.9274865984916687,"y":-1.0050538778305054,"z":-0.3754408061504364},"rotation":{"x":0.21742886304855348,"y":-0.7040308713912964,"z":0.2425725758075714,"w":0.6310533285140991},"size":3.312448263168335,"orthographic":false}