{"cameraMode":{"drawMode":0,"name":"Shaded","section":"Shading Mode"},"sceneLighting":false,"audioPlay":false,"sceneViewState":{"showFog":true,"showMaterialUpdate":false,"showSkybox":false,"showFlares":true,"showImageEffects":true,"showParticleSystems":true},"in2DMode":false,"pivot":{"x":5.752836227416992,"y":-2.764064073562622,"z":11.784420013427735},"rotation":{"x":-0.1984938234090805,"y":-0.5872512459754944,"z":0.15139901638031007,"w":-0.7699517011642456},"size":2.9999825954437258,"orthographic":false}