{"cameraMode":{"drawMode":0,"name":"Shaded","section":"Shading Mode"},"sceneLighting":false,"audioPlay":false,"sceneViewState":{"showFog":true,"showMaterialUpdate":false,"showSkybox":false,"showFlares":true,"showImageEffects":true,"showParticleSystems":true},"in2DMode":false,"pivot":{"x":3.5699708461761476,"y":-0.3056061267852783,"z":10.0955228805542},"rotation":{"x":-0.22104039788246156,"y":-0.6549115777015686,"z":0.20929092168807984,"w":-0.6916978359222412},"size":1.091902732849121,"orthographic":false}