{"cameraMode":{"drawMode":0,"name":"Shaded","section":"Shading Mode"},"sceneLighting":true,"audioPlay":false,"sceneViewState":{"showFog":true,"showMaterialUpdate":false,"showSkybox":true,"showFlares":true,"showImageEffects":true,"showParticleSystems":true},"in2DMode":false,"pivot":{"x":-39.2314338684082,"y":-5.055595397949219,"z":42.53202819824219},"rotation":{"x":-0.10283825546503067,"y":0.7238261103630066,"z":-0.11048147082328797,"w":-0.6734275817871094},"size":36.07390594482422,"orthographic":false}