{"cameraMode":{"drawMode":0,"name":"Shaded","section":"Shading Mode"},"sceneLighting":false,"audioPlay":false,"sceneViewState":{"showFog":true,"showMaterialUpdate":false,"showSkybox":false,"showFlares":true,"showImageEffects":true,"showParticleSystems":true},"in2DMode":false,"pivot":{"x":7.0527238845825199,"y":-6.354506015777588,"z":7.207179546356201},"rotation":{"x":0.19361017644405366,"y":0.4755646586418152,"z":-0.107953280210495,"w":0.8514441251754761},"size":8.248034477233887,"orthographic":false}