{"cameraMode":{"drawMode":0,"name":"Shaded","section":"Shading Mode"},"sceneLighting":true,"audioPlay":false,"sceneViewState":{"showFog":true,"showMaterialUpdate":false,"showSkybox":true,"showFlares":true,"showImageEffects":true,"showParticleSystems":true},"in2DMode":false,"pivot":{"x":44.16785430908203,"y":27.096967697143556,"z":208.0013885498047},"rotation":{"x":0.10435411334037781,"y":0.8952361941337586,"z":-0.2917502522468567,"w":0.3205745220184326},"size":11.6472749710083,"orthographic":false}