{"cameraMode":{"drawMode":0,"name":"Shaded","section":"Shading Mode"},"sceneLighting":true,"audioPlay":false,"sceneViewState":{"showFog":true,"showMaterialUpdate":false,"showSkybox":true,"showFlares":true,"showImageEffects":true,"showParticleSystems":true},"in2DMode":false,"pivot":{"x":20.164199829101564,"y":11.914327621459961,"z":33.228271484375},"rotation":{"x":0.49993500113487246,"y":-0.44266077876091006,"z":0.3322114646434784,"w":0.6661528944969177},"size":38.98249053955078,"orthographic":false}