{"cameraMode":{"drawMode":0,"name":"Shaded","section":"Shading Mode"},"sceneLighting":true,"audioPlay":false,"sceneViewState":{"showFog":true,"showMaterialUpdate":false,"showSkybox":true,"showFlares":true,"showImageEffects":true,"showParticleSystems":true},"in2DMode":false,"pivot":{"x":41.031822204589847,"y":6.5632781982421879,"z":12.880727767944336},"rotation":{"x":0.4552321434020996,"y":-0.5433134436607361,"z":0.4710827171802521,"w":0.5250380039215088},"size":89.96614074707031,"orthographic":false}